,name,price,size
0,Nain 9La,"£ 3,055",199x312 cm
1,Nain 9La,£ 962,116x181 cm
2,Nain 9La,"£ 1,047",115x175 cm
3,Nain 9La,£ 936,115x177 cm
4,Nain 9La,£ 928,115x175 cm
5,Nain 9La,£ 936,114x179 cm
6,Nain 9La,"£ 1,081",118x177 cm
7,Nain 9La,£ 987,123x175 cm
8,Nain 9La,"£ 1,421",127x215 cm
9,Nain 9La,"£ 1,004",118x171 cm
10,Nain 9La,£ 902,114x173 cm
11,Nain 9La,"£ 2,247",196x249 cm
12,Nain 9La,"£ 1,992",157x244 cm
13,Nain 9La,£ 902,115x171 cm
14,Nain 9La,"£ 1,753",156x245 cm
15,Nain 9La,£ 970,118x179 cm
16,Nain 9La,£ 570,89x139 cm
17,Nain 9La,"£ 2,034",158x248 cm
18,Nain 9La,"£ 1,345",73x350 cm
19,Nain 9La,"£ 1,166",147x153 cm
20,Nain 9La,£ 962,116x180 cm
21,Nain 9La,"£ 3,787",245x254 cm
22,Nain 9La,"£ 1,336",130x198 cm
23,Nain 9La,"£ 3,260",200x314 cm
24,Nain 9La,£ 979,116x183 cm
25,Nain 9La,£ 953,115x181 cm
26,Nain 9La,"£ 3,089",203x253 cm
27,Nain 9La,"£ 2,085",160x251 cm
28,Nain 9La,"£ 3,898",245x253 cm
29,Nain 9La,"£ 1,004",119x183 cm
30,Nain 9La,"£ 1,583",143x213 cm
31,Nain 9La,"£ 2,000",152x253 cm
32,Nain 9La,£ 587,90x142 cm
33,Nain 9La,£ 570,90x137 cm
34,Nain 9La,"£ 3,345",203x317 cm
35,Nain 9La,£ 826,79x201 cm
36,Nain 9La,"£ 5,447",253x350 cm
37,Nain 9La,"£ 1,277",123x200 cm
38,Nain 9La,"£ 1,532",148x199 cm
39,Nain 9La,"£ 1,328",128x200 cm
40,Nain 9La,"£ 1,140",81x291 cm
41,Nain 9La,£ 766,98x150 cm
42,Nain 9La,"£ 3,226",200x253 cm
43,Nain 9La,"£ 1,404",130x208 cm
44,Nain 9La,"£ 1,345",126x206 cm
45,Nain 9La,"£ 2,077",155x258 cm
46,Nain 9La,"£ 4,723",252x306 cm
47,Nain 9La,"£ 3,140",200x258 cm
48,Nain 9La,"£ 1,626",149x238 cm
49,Nain 9La,£ 553,87x139 cm
50,Nain 9La,"£ 2,085",157x256 cm
51,Nain 9La,"£ 1,353",82x292 cm
52,Nain 9La,£ 672,101x144 cm
53,Nain 9La,"£ 3,821",203x297 cm
54,Nain 9La,£ 749,98x147 cm
55,Nain 9La,"£ 2,979",200x245 cm
56,Nain 9La,"£ 2,026",154x253 cm
57,Nain 9La,"£ 2,877",193x245 cm
58,Nain 9La,"£ 1,609",142x218 cm
59,Nain 9La,"£ 1,140",146x150 cm
60,Nain 9La,£ 826,81x196 cm
61,Nain 9La,"£ 2,085",152x264 cm
62,Nain 9La,"£ 2,809",204x300 cm
63,Nain 9La,"£ 1,869", Ø 200 cm
64,Nain 9La,"£ 1,370",130x203 cm
65,Nain 9La,£ 979,118x181 cm
66,Nain 9La,£ 902,80x217 cm
67,Nain 9La,"£ 1,328",127x202 cm
68,Nain 9La,"£ 2,077",161x248 cm
69,Nain 9La,"£ 1,430",134x205 cm
70,Nain 9La,£ 945,117x175 cm
71,Nain 9La,"£ 1,362",130x202 cm
72,Nain 9La,"£ 1,447",135x206 cm
73,Nain 9La,"£ 1,106",121x176 cm
74,Nain 9La,"£ 1,421",130x211 cm
75,Nain 9La,"£ 4,750",250x303 cm
76,Nain 9La,"£ 2,119",165x247 cm
77,Nain 9La,"£ 4,596",247x298 cm
78,Nain 9La,"£ 1,940",154x243 cm
79,Nain 9La,£ 698,105x145 cm
80,Nain 9La,"£ 3,294",198x304 cm
81,Nain 9La,"£ 2,085",160x251 cm
82,Nain 9La,"£ 3,234",196x301 cm
83,Nain 9La,"£ 1,668",150x214 cm
84,Nain 9La,"£ 1,370",148x202 cm
85,Nain 9La,"£ 2,230",165x260 cm
86,Nain 9La,"£ 4,000",208x316 cm
87,Nain 9La,£ 715,73x188 cm
88,Nain 9La,"£ 1,319",130x196 cm
89,Nain 9La,"£ 1,600",149x207 cm
90,Nain 9La,"£ 3,030",205x245 cm
91,Nain 9La,"£ 1,251",130x210 cm
92,Nain 9La,"£ 1,081",116x180 cm
93,Nain 9La,"£ 1,821",145x242 cm
94,Nain 9La,"£ 1,302",124x202 cm
95,Nain 9La,"£ 2,877",172x265 cm
96,Nain 9La,"£ 4,706",245x310 cm
97,Nain 9La,"£ 1,660",154x235 cm
98,Nain 9La,£ 774,97x153 cm
99,Nain 9La,"£ 4,519",250x348 cm
100,Nain 9La,"£ 1,123",115x188 cm
101,Nain 9La,"£ 1,685",85x300 cm
102,Nain 9La,"£ 3,064",202x245 cm
103,Nain 9La,"£ 1,226",74x294 cm
104,Nain 9La,"£ 1,191",78x294 cm
105,Nain 9La,"£ 3,915",245x255 cm
106,Nain 9La,£ 945,116x178 cm
107,Nain 9la,"£ 4,851",250x358 cm
108,Nain 9La,£ 817,78x202 cm
109,Nain 9La,"£ 1,328",155x165 cm
110,Nain 9La,"£ 3,021",200x250 cm
111,Nain 9La,"£ 4,223",216x312 cm
112,Nain 9La,£ 987,117x183 cm
113,Nain 9La,"£ 3,830",203x310 cm
114,Nain 9La,"£ 2,979",178x270 cm
115,Nain 9La,£ 826,80x198 cm
116,Nain 9La,"£ 2,970",175x270 cm
117,Nain 9La,£ 894,80x215 cm
118,Nain 9La,"£ 1,285",124x200 cm
119,Nain 9La,"£ 1,302",128x196 cm
120,Nain 9La,"£ 2,894",196x243 cm
121,Nain 9La,"£ 2,077",160x250 cm
122,Nain 9La,"£ 2,145",160x258 cm
123,Nain 9La,"£ 3,217",204x304 cm
124,Nain 9La signed: Ghambari,"£ 2,625",196x300 cm
125,Nain 9La,£ 877,81x209 cm
126,Nain 9La,"£ 2,077",163x245 cm
127,Nain 9La,"£ 1,855",157x257 cm
128,Nain 9La,£ 723,102x155 cm
129,Nain 9La,"£ 3,055",200x250 cm
130,Nain 9La,"£ 1,506",132x220 cm
131,Nain 9La,"£ 2,009",158x245 cm
132,Nain 9La,"£ 2,060",160x248 cm
133,Nain 9La,"£ 2,026",156x250 cm
134,Nain 9La,"£ 1,123",118x184 cm
135,Nain 9La,£ 860,83x200 cm
136,Nain 9La,£ 945,115x178 cm
137,Nain 9La,"£ 3,847",206x307 cm
138,Nain 9La,"£ 1,209",128x205 cm
139,Nain 9La,"£ 2,638",200x200 cm
140,Nain 9La,"£ 2,689",200x204 cm
141,Nain 9La,£ 894,111x176 cm
142,Nain 9La,"£ 1,285",124x200 cm
143,Nain 9La,"£ 1,013",73x290 cm
144,Nain 9La,£ 979,118x180 cm
145,Nain 9La,"£ 1,447",135x207 cm
146,Nain 9La,"£ 1,336",125x206 cm
147,Nain 9La,"£ 4,502",250x347 cm
148,Nain 9La,£ 851,82x199 cm
149,Nain 9La,"£ 2,511",190x202 cm
150,Nain 9La,"£ 3,268",205x254 cm
151,Nain 9La,£ 970,118x179 cm
152,Nain 9La,"£ 1,464",152x210 cm
153,Nain 9La,£ 962,116x180 cm
154,Nain 9La,£ 562,86x145 cm
155,Nain 9La,"£ 1,200",132x198 cm
156,Nain 9La,"£ 3,081",202x250 cm
157,Nain 9La,"£ 2,264",202x310 cm
158,Nain 9La,£ 817,100x157 cm
159,Nain 9La,"£ 1,345",142x206 cm
160,Nain 9La,"£ 2,085",157x256 cm
161,Nain 9La,"£ 2,145",160x258 cm
162,Nain 9La,£ 945,115x178 cm
163,Nain 9La,£ 681,100x148 cm
164,Nain 9La,"£ 3,898",248x250 cm
165,Nain 9La,"£ 1,047",117x186 cm
166,Nain 9La,"£ 1,464",143x223 cm
167,Nain 9La,"£ 3,311",201x311 cm
168,Nain 9La,"£ 3,782",241x245 cm
169,Nain 9La,"£ 1,472",136x208 cm
170,Nain 9La,"£ 3,377",302x304 cm
171,Nain 9La,£ 894,80x215 cm
172,Nain 9La,"£ 2,179",163x257 cm
173,Nain 9La,"£ 2,026",157x248 cm
174,Nain 9La,"£ 3,830",202x312 cm
175,Nain 9La,"£ 4,145",207x320 cm
176,Nain 9La,"£ 1,260",135x203 cm
177,Nain 9La,"£ 1,957",156x242 cm
178,Nain 9La,£ 553,88x136 cm
179,Nain 9La,£ 774,98x152 cm
180,Nain 9La,"£ 2,494",200x205 cm
181,Nain 9La,"£ 1,413",128x213 cm
182,Nain 9La,"£ 1,651",83x300 cm
183,Nain 9La,"£ 3,830",245x248 cm
184,Nain 9La,£ 919,83x214 cm
185,Nain 9La,"£ 3,064",198x257 cm
186,Nain 9La,"£ 1,055",116x175 cm
187,Nain 9La,"£ 4,681",246x300 cm
188,Nain 9La,"£ 1,766",198x258 cm
189,Nain 9La,£ 979,118x173 cm
190,Nain 9La,"£ 4,010",250x306 cm
191,Nain 9La,"£ 1,583",146x209 cm
192,Nain 9La,"£ 2,766",207x257 cm
193,Nain 9La,"£ 2,060",156x254 cm
194,Nain 9La,"£ 1,702",152x244 cm
195,Nain 9La,"£ 1,362",130x202 cm
196,Nain 9La,"£ 1,974",155x245 cm
197,Nain 9La,"£ 1,957",152x248 cm
198,Nain 9La,£ 647,97x146 cm
199,Nain 9La,£ 979,118x173 cm
200,Nain 9La,"£ 1,974",153x249 cm
201,Nain 9La,"£ 1,609",146x212 cm
202,Nain 9La,£ 979,118x180 cm
203,Nain 9La,"£ 1,081",118x177 cm
204,Nain 9La,£ 953,118x175 cm
205,Nain 9La,"£ 1,413",136x200 cm
206,Nain 9La,"£ 1,055",116x189 cm
207,Nain 9La,"£ 2,102",159x255 cm
208,Nain 9La,"£ 1,302",124x202 cm
209,Nain 9La,£ 979,116x183 cm
210,Nain 9La,"£ 2,034",155x253 cm
211,Nain 9La,"£ 2,009",156x248 cm
212,Nain 9La,"£ 2,187",163x258 cm
213,Nain 9La,"£ 1,106",116x184 cm
214,Nain 9La,"£ 1,881",201x204 cm
215,Nain 9La,"£ 1,404",146x209 cm
216,Nain 9La,£ 996,118x177 cm
217,Nain 9La,"£ 1,064",118x174 cm
218,Nain 9La,"£ 1,081",114x183 cm
219,Nain 9La,"£ 1,336",126x204 cm
220,Nain 9La,"£ 1,268",133x207 cm
221,Nain 9La,"£ 1,719",156x240 cm
222,Nain 9La,"£ 1,930",202x315 cm
223,Nain 9La,"£ 3,183",198x310 cm
224,Nain 9La,£ 596,92x140 cm
225,Nain 9La,"£ 1,123",115x188 cm
226,Nain 9La,"£ 1,634",147x214 cm
227,Nain 9La,"£ 1,974",150x254 cm
228,Nain 9La,£ 579,90x140 cm
229,Nain 9La,"£ 1,574",145x209 cm
230,Nain 9La,£ 655,97x147 cm
231,Nain 9La,£ 809,82x190 cm
232,Nain 9La,"£ 1,813",156x253 cm
233,Nain 9La,"£ 1,123",118x183 cm
234,Nain 9La,"£ 3,872",244x252 cm
235,Nain 9La,"£ 2,000",158x244 cm
236,Nain 9La,"£ 1,532",136x217 cm
237,Nain 9La,"£ 1,838",158x253 cm
238,Nain 9La,"£ 3,123",200x257 cm
239,Nain 9La,£ 638,95x146 cm
240,Nain 9La,"£ 11,928",408x610 cm
241,Nain 9La,£ 723,106x148 cm
242,Nain 9La,"£ 1,413",128x212 cm
243,Nain 9La,"£ 2,434",202x262 cm
244,Nain 9La,"£ 1,370",130x203 cm
245,Nain 9La,"£ 1,600",149x207 cm
246,Nain 9La,£ 996,120x181 cm
247,Nain 9La,"£ 1,106",115x186 cm
248,Nain 9La,"£ 1,983",158x242 cm
249,Nain 9La,"£ 1,166",126x201 cm
250,Nain 9La,£ 979,87x216 cm
251,Nain 9La,£ 996,118x184 cm
252,Nain 9La,"£ 1,021",110x179 cm
253,Nain 9La,"£ 2,706",202x214 cm
254,Nain 9La,£ 979,115x185 cm
255,Nain 9La,"£ 2,459",200x202 cm
256,Nain 9La,"£ 2,681",200x205 cm
257,Nain 9La,£ 945,116x178 cm
258,Nain 9La,"£ 3,864",245x250 cm
259,Nain 9La,"£ 3,821",248x298 cm
260,Nain 9La,"£ 1,957",155x243 cm
261,Nain 9La,£ 570,89x140 cm
262,Nain 9La,"£ 1,872",196x208 cm
263,Nain 9La,£ 945,116x178 cm
264,Nain 9La,"£ 2,213",167x255 cm
265,Nain 9La,£ 664,98x148 cm
266,Nain 9La,"£ 2,000",158x244 cm
267,Nain 9La,"£ 2,613",168x255 cm
268,Nain 9La,£ 911,81x216 cm
269,Nain 9La,"£ 3,038",200x250 cm
270,Nain 9La,"£ 1,106",120x177 cm
271,Nain 9La,"£ 2,077",155x258 cm
272,Nain 9La,"£ 1,617",148x210 cm
273,Nain 9La,£ 664,98x147 cm
274,Nain 9La,"£ 1,311",137x208 cm
275,Nain 9La,"£ 2,911",200x317 cm
276,Nain 9La,"£ 1,106",120x177 cm
277,Nain 9La,"£ 2,026",154x253 cm
278,Nain 9La,"£ 1,583",149x205 cm
279,Nain 9La,"£ 2,638",198x204 cm
280,Nain 9La,"£ 1,472",146x220 cm
281,Nain 9La,"£ 3,149",203x255 cm
282,Nain 9La,"£ 3,192",204x257 cm
283,Nain 9La,"£ 2,043",156x252 cm
284,Nain 9La,"£ 1,566",145x208 cm
285,Nain 9La,£ 791,98x155 cm
286,Nain 9La,"£ 2,757",206x213 cm
287,Nain 9La,"£ 2,060",157x253 cm
288,Nain 9La,£ 979,114x180 cm
289,Nain 9La,"£ 1,549",137x218 cm
290,Nain 9La,"£ 1,379",128x208 cm
291,Nain 9La,"£ 1,047",115x189 cm
292,Nain 9La,"£ 3,142",247x368 cm
293,Nain 9La,£ 655,98x146 cm
294,Nain 9La,"£ 4,357",247x340 cm
295,Nain 9La,£ 936,116x176 cm
296,Nain 9La,"£ 1,464",132x213 cm
297,Nain 9La,"£ 2,725",246x345 cm
298,Nain 9La,"£ 1,047",116x174 cm
299,Nain 9La,"£ 1,115",118x182 cm
300,Nain 9La,"£ 4,536",247x302 cm
301,Nain 9La,£ 562,87x141 cm
302,Nain 9La,£ 655,98x146 cm
303,Nain 9La,"£ 2,545",198x200 cm
304,Nain 9La,"£ 1,624",82x298 cm
305,Nain 9La,"£ 1,881",198x207 cm
306,Nain 9La,"£ 2,434",200x200 cm
307,Nain 9La,"£ 2,014",250x250 cm
308,Nain 9La,"£ 1,779",154x251 cm
309,Nain 9La,"£ 3,106",205x252 cm
310,Nain 9La,"£ 1,660",148x244 cm
311,Nain 9La,"£ 2,085",160x251 cm
312,Nain 9La,"£ 1,081",118x176 cm
313,Nain 9La,"£ 1,813",155x254 cm
314,Nain 9La,"£ 2,519",202x205 cm
315,Nain 9La,"£ 2,875",250x308 cm
316,Nain 9La,"£ 1,251",134x203 cm
317,Nain 9La,"£ 3,001",246x380 cm
318,Nain 9La,"£ 1,268",128x216 cm
319,Nain 9La,"£ 1,864",150x239 cm
320,Nain 9La,"£ 2,000",152x253 cm
321,Nain 9La,"£ 1,549",144x207 cm
322,Nain 9La,"£ 1,472",133x213 cm
323,Nain 9La,"£ 2,026",154x253 cm
324,Nain 9La,"£ 1,396",134x207 cm
325,Nain 9La,"£ 1,004",113x186 cm
326,Nain 9La,"£ 1,217",132x200 cm
327,Nain 9La,"£ 1,268",133x207 cm
328,Nain 9La,"£ 1,370",131x201 cm
329,Nain 9La,"£ 1,379",130x204 cm
330,Nain 9La,"£ 1,370",133x205 cm
331,Nain 9La,"£ 1,089",115x183 cm
332,Nain 9La,"£ 1,379",135x204 cm
333,Nain 9La,"£ 1,362",131x207 cm
334,Nain 9La,"£ 1,302",136x209 cm
335,Nain 9La,£ 536,87x135 cm
336,Nain 9La,"£ 2,017",157x247 cm
337,Nain 9La,"£ 1,115",118x182 cm
338,Nain 9La,"£ 1,838",146x242 cm
339,Nain 9La,"£ 2,579",200x212 cm
340,Nain 9La,"£ 1,600",147x210 cm
341,Nain 9La,"£ 1,055",114x178 cm
342,Nain 9La,£ 681,100x148 cm
343,Nain 9La,"£ 1,711",150x248 cm
344,Nain 9La,"£ 1,787",155x251 cm
345,Nain 9La,"£ 1,779",155x250 cm
346,Nain 6La,"£ 7,821",207x317 cm
347,Nain 6La,£ 894,50x150 cm
348,Nain 6La,"£ 1,423",103x153 cm
349,Nain 6La,"£ 4,247",155x230 cm
350,Nain 6La,"£ 7,438",206x303 cm
351,Nain 6La,"£ 4,102",151x228 cm
352,Nain 6La,"£ 7,711",210x308 cm
353,Nain 6La,"£ 16,220",305x400 cm
354,Nain 6La,"£ 7,804",210x312 cm
355,Nain 6La,"£ 7,506",208x303 cm
356,Nain 6La,"£ 18,107",250x340 cm
357,Nain 6La,"£ 1,643",98x141 cm
358,Nain 6La,"£ 1,413",100x150 cm
359,Nain 6La,"£ 4,213",157x225 cm
360,Nain 6La,"£ 7,328",210x293 cm
361,Nain 6La,"£ 2,337",100x153 cm
362,Nain 6La,"£ 1,694",98x145 cm
363,Nain 6La,"£ 7,362",204x303 cm
364,Nain 6La,"£ 15,243",312x410 cm
365,Nain 6La,"£ 1,854",100x160 cm
366,Nain 6La,"£ 4,051",146x233 cm
367,Nain 6La,"£ 10,877",255x358 cm
368,Nain 6La,"£ 1,765",100x152 cm
369,Nain 6La,"£ 4,128",156x222 cm
370,Nain 6La,"£ 1,260",82x120 cm
371,Nain 6La,"£ 2,683",126x184 cm
372,Nain 6La,"£ 3,098",130x200 cm
373,Nain 6La,"£ 3,898",167x242 cm
374,Nain 6La,"£ 1,836",102x155 cm
375,Nain 6La,"£ 1,470",103x163 cm
376,Nain 6La,"£ 11,770",260x380 cm
377,Nain 6La,"£ 6,145",208x248 cm
378,Nain 6La,"£ 7,609",208x307 cm
379,Nain 6La,"£ 1,481",98x127 cm
380,Nain 6La,"£ 2,494",123x170 cm
381,Nain 6La,"£ 1,376",102x153 cm
382,Nain 6La,"£ 1,423",100x155 cm
383,Nain 6La,"£ 2,468",115x180 cm
384,Nain 6La,"£ 7,694",207x312 cm
385,Nain 6La,"£ 1,251",90x117 cm
386,Nain 6La,"£ 7,889",207x320 cm
387,Nain 6La,"£ 2,372",132x194 cm
388,Nain 6La,"£ 2,277",110x167 cm
389,Nain 6La,"£ 1,836",101x157 cm
390,Nain 6La,"£ 4,000",130x204 cm
391,Nain 6La,"£ 2,630",126x175 cm
392,Nain 6La,"£ 4,477",156x241 cm
393,Nain 6La,"£ 1,812",118x182 cm
394,Nain 6La,"£ 7,634",208x308 cm
395,Nain 6La,"£ 2,621",121x182 cm
396,Nain 6La,"£ 1,991",117x184 cm
397,Nain 6La,"£ 1,872",98x165 cm
398,Nain 6La,"£ 2,324",128x196 cm
399,Nain 6La,"£ 7,549",207x306 cm
400,Nain 6La,"£ 15,055",306x413 cm
401,Nain 6La,"£ 7,532",208x304 cm
402,Nain 6La,"£ 1,413",102x152 cm
403,Nain 6La,"£ 1,376",100x147 cm
404,Nain 6La,"£ 7,151",198x292 cm
405,Nain 6La,"£ 2,911",112x158 cm
406,Nain 6La,"£ 3,617",133x228 cm
407,Nain 6La,"£ 7,932",214x311 cm
408,Nain 6La,"£ 7,634",210x305 cm
409,Nain 6La,"£ 11,170",247x355 cm
410,Nain 6La,"£ 1,809",100x156 cm
411,Nain 6La,"£ 8,565",260x265 cm
412,Nain 6La,"£ 9,762",241x340 cm
413,Nain 6La,"£ 4,871",207x301 cm
414,Nain 6La,"£ 7,779",210x311 cm
415,Nain 6La,"£ 4,715",157x252 cm
416,Nain 6La,"£ 2,231",107x155 cm
417,Nain 6La,"£ 10,758",258x350 cm
418,Nain 6La,"£ 6,596",209x265 cm
419,Nain 6La,"£ 10,655",252x355 cm
420,Nain 6La,"£ 2,255",105x160 cm
421,Nain 6La,"£ 2,193",108x175 cm
422,Nain 6La,"£ 4,433",135x218 cm
423,Nain 6La,"£ 7,711",210x308 cm
424,Nain 6La,"£ 4,289",152x237 cm
425,Nain 6La,"£ 2,187",108x170 cm
426,Nain 6La,"£ 8,034",212x318 cm
427,Nain 6La,"£ 7,779",210x311 cm
428,Nain 6La,"£ 7,643",207x310 cm
429,Nain 6La,"£ 11,404",258x371 cm
430,Nain 6La,"£ 7,745",209x311 cm
431,Nain 6La,"£ 7,609",206x310 cm
432,Nain 6La,"£ 7,753",210x310 cm
433,Nain 6La,"£ 2,306",110x176 cm
434,Nain 6La,"£ 7,523",207x305 cm
435,Nain 6La,"£ 4,340",155x235 cm
436,Nain 6La,"£ 4,400",154x240 cm
437,Nain 6La,"£ 7,728",206x315 cm
438,Nain 6La,"£ 4,400",154x240 cm
439,Nain 6La,"£ 7,583",206x309 cm
440,Nain 6La,"£ 4,119",147x235 cm
441,Nain 6La,"£ 7,753",210x310 cm
442,Nain 6La,"£ 4,136",151x230 cm
443,Nain 6La,"£ 7,626",200x320 cm
444,Nain 6La,"£ 7,558",204x311 cm
445,Nain 6La,"£ 6,993",193x299 cm
446,Nain 6La,"£ 2,477",102x148 cm
447,Nain 6La,"£ 7,438",204x306 cm
448,Nain 6La,"£ 4,409",156x237 cm
449,Nain 6La,"£ 7,532",204x310 cm
450,Nain 6La,"£ 2,570",108x160 cm
451,Nain 6La,"£ 7,813",205x320 cm
452,Nain 6La,"£ 7,472",209x300 cm
453,Nain 6La,"£ 7,209",205x295 cm
454,Nain 6La,"£ 6,085",206x248 cm
455,Nain 6La,"£ 3,949",148x224 cm
456,Nain 6La,"£ 7,643",209x307 cm
457,Nain 6La,"£ 7,609",206x310 cm
458,Nain 6La,"£ 7,438",202x309 cm
459,Tabriz 50 Raj,"£ 9,813",245x362 cm
460,Tabriz 50 Raj,"£ 10,017",253x358 cm
461,Tabriz 50 Raj,"£ 6,826",203x304 cm
462,Tabriz 50 Raj,"£ 4,996",150x219 cm
463,Tabriz 50 Raj,"£ 6,596",202x295 cm
464,Tabriz 50 Raj,"£ 5,356",150x198 cm
465,Tabriz 50 Raj,£ 298,57x70 cm
466,Tabriz 50 Raj,£ 383,62x90 cm
467,Tabriz 50 Raj,"£ 1,018",100x150 cm
468,Tabriz 50 Raj,"£ 1,726",150x208 cm
469,Tabriz 50 Raj,"£ 3,813",154x224 cm
470,Tabriz 50 Raj,"£ 6,162",190x293 cm
471,Tabriz 50 Raj,"£ 11,540",290x398 cm
472,Tabriz 50 Raj,"£ 3,404",151x204 cm
473,Tabriz 50 Raj,"£ 13,277",300x400 cm
474,Tabriz 50 Raj,"£ 6,434",202x288 cm
475,Tabriz 50 Raj,"£ 3,557",151x213 cm
476,Tabriz 50 Raj,"£ 3,830",150x200 cm
477,Tabriz 50 Raj,"£ 3,387",151x203 cm
478,Tabriz 50 Raj,"£ 4,128",97x147 cm
479,Tabriz 50 Raj,"£ 3,277",148x200 cm
480,Tabriz 50 Raj,"£ 3,353",147x206 cm
481,Tabriz 50 Raj,"£ 6,885",202x308 cm
482,Tabriz 50 Raj,"£ 6,681",200x302 cm
483,Tabriz 50 Raj,"£ 5,793",250x298 cm
484,Tabriz 50 Raj,"£ 10,477",250x348 cm
485,Tabriz 50 Raj,"£ 3,864",88x397 cm
486,Tabriz 50 Raj,"£ 3,617",155x211 cm
487,Tabriz 50 Raj,"£ 1,745",100x158 cm
488,Tabriz 50 Raj,"£ 1,041",106x152 cm
489,Tabriz 50 Raj,"£ 3,523",153x208 cm
490,Tabriz 50 Raj,£ 987,100x150 cm
491,Tabriz 50 Raj,"£ 6,740",205x297 cm
492,Tabriz 50 Raj,"£ 1,728",102x153 cm
493,Tabriz 50 Raj,"£ 4,672",203x208 cm
494,Tabriz 50 Raj,"£ 2,289",103x150 cm
495,Tabriz 50 Raj,"£ 3,506",151x210 cm
496,Tabriz 50 Raj,"£ 1,115",71x142 cm
497,Tabriz 50 Raj,"£ 3,294",151x197 cm
498,Tabriz 50 Raj,"£ 1,353",70x142 cm
499,Tabriz 50 Raj,"£ 9,796",253x350 cm
500,Tabriz 50 Raj,"£ 6,502",200x294 cm
501,Tabriz 50 Raj,"£ 3,319",86x322 cm
502,Tabriz 50 Raj,"£ 1,379",67x140 cm
503,Tabriz 50 Raj,"£ 11,319",255x365 cm
504,Tabriz 50 Raj,"£ 2,254",80x298 cm
505,Tabriz 50 Raj,"£ 3,345",151x200 cm
506,Tabriz 50 Raj,"£ 6,843",202x306 cm
507,Tabriz 50 Raj,"£ 2,398",78x251 cm
508,Tabriz 50 Raj,"£ 6,792",204x301 cm
509,Tabriz 50 Raj,"£ 9,523",248x347 cm
510,Tabriz 50 Raj,"£ 1,745",100x158 cm
511,Tabriz 50 Raj,"£ 3,319",150x200 cm
512,Tabriz 50 Raj,"£ 14,097",302x393 cm
513,Tabriz 50 Raj,"£ 3,353",150x202 cm
514,Tabriz 50 Raj,"£ 7,532",200x302 cm
515,Tabriz 50 Raj,"£ 9,285",244x344 cm
516,Tabriz 50 Raj,"£ 3,396",152x202 cm
517,Tabriz 50 Raj,"£ 4,579",200x207 cm
518,Tabriz 50 Raj,"£ 1,692",82x205 cm
519,Tabriz 50 Raj,"£ 7,030",207x307 cm
520,Tabriz 50 Raj,"£ 1,311",80x129 cm
521,Tabriz 50 Raj,"£ 10,281",256x363 cm
522,Tabriz 50 Raj,"£ 14,718",327x460 cm
523,Tabriz 50 Raj,"£ 3,404",145x212 cm
524,Tabriz 50 Raj,"£ 9,379",242x325 cm
525,Tabriz 50 Raj,"£ 2,757",81x308 cm
526,Tabriz 50 Raj,"£ 6,817",202x305 cm
527,Tabriz 50 Raj,"£ 9,294",250x336 cm
528,Tabriz 50 Raj Signed Torabi,"£ 21,078",378x660 cm
529,Tabriz 50 Raj,"£ 3,100",80x208 cm
530,Tabriz 50 Raj,"£ 3,089",91x307 cm
531,Tabriz 50 Raj,"£ 1,830",100x150 cm
532,Tabriz 50 Raj,"£ 2,119",100x155 cm
533,Tabriz 50 Raj,"£ 2,809",82x310 cm
534,Tabriz 50 Raj,"£ 3,115",152x185 cm
535,Tabriz 50 Raj,"£ 2,774",83x302 cm
536,Tabriz 50 Raj,"£ 5,566",203x248 cm
537,Tabriz 50 Raj,"£ 4,452",198x307 cm
538,Tabriz 50 Raj,"£ 3,510",82x341 cm
539,Tabriz 50 Raj,"£ 10,672",250x355 cm
540,Tabriz 50 Raj,"£ 9,634",251x347 cm
541,Tabriz 50 Raj,"£ 3,072",92x302 cm
542,Tabriz 50 Raj,"£ 2,706",82x298 cm
543,Tabriz 50 Raj,"£ 3,106",92x305 cm
544,Tabriz 50 Raj,"£ 3,506",148x214 cm
545,Tabriz 50 Raj,"£ 3,047",91x303 cm
546,Tabriz 50 Raj,"£ 3,476",216x289 cm
547,Tabriz 50 Raj,"£ 9,821",250x355 cm
548,Tabriz 50 Raj,"£ 2,052",80x214 cm
549,Tabriz 50 Raj,"£ 5,523",202x247 cm
550,Tabriz 50 Raj,"£ 2,587",80x292 cm
551,Tabriz 50 Raj,"£ 6,987",203x311 cm
552,Tabriz 50 Raj,"£ 8,137",296x384 cm
553,Tabriz 50 Raj,"£ 9,626",250x348 cm
554,Tabriz 50 Raj,"£ 3,440",201x299 cm
555,Tabriz 50 Raj,"£ 2,896",82x412 cm
556,Tabriz 50 Raj,"£ 3,447",152x205 cm
557,Tabriz 50 Raj,"£ 5,691",306x390 cm
558,Tabriz 50 Raj,"£ 6,793",255x305 cm
559,Tabriz 50 Raj,"£ 2,052",80x210 cm
560,Tabriz 50 Raj,"£ 2,919",88x300 cm
561,Tabriz 50 Raj,"£ 3,362",152x200 cm
562,Tabriz 50 Raj,"£ 6,528",196x301 cm
563,Tabriz 50 Raj,"£ 3,553",204x284 cm
564,Tabriz 50 Raj,"£ 6,953",202x311 cm
565,Tabriz 50 Raj,"£ 4,390",197x287 cm
566,Tabriz 50 Raj,"£ 6,596",200x298 cm
567,Tabriz 50 Raj,"£ 3,047",91x303 cm
568,Tabriz 50 Raj,"£ 2,638",81x294 cm
569,Tabriz 50 Raj,"£ 2,698",81x301 cm
570,Tabriz 50 Raj,"£ 2,996",89x304 cm
571,Tabriz 50 Raj,"£ 2,868",88x295 cm
572,Tabriz 50 Raj,"£ 6,928",200x313 cm
573,Tabriz 50 Raj,"£ 9,243",248x337 cm
574,Tabriz 50 Raj,"£ 6,902",202x309 cm
575,Tabriz 60 Raj silk warp,"£ 21,575",255x343 cm
576,Tabriz 60 Raj silk warp,"£ 1,643",73x120 cm
577,Tabriz 60 Raj silk warp,"£ 2,894",101x153 cm
578,Tabriz 60 Raj silk warp,"£ 7,455",198x201 cm
579,Tabriz 60 Raj silk warp,"£ 5,787",156x198 cm
580,Tabriz 60 Raj silk warp,"£ 9,336",201x248 cm
581,Tabriz#60 Raj silk warp,"£ 4,657",202x305 cm
582,Tabriz 60 Raj silk warp,"£ 15,618",200x450 cm
